{
	"name": "hail beast mech",
	"description": "Should not be the Lead unit, this mech fired a lightning arc from its blaster weapon, very good for Support units",
	"health": 750,
	"mass": 21,
	"flying": false,
   "mineSpeed": 1.5,
   "drillPower": -1,
   "turnCursor": true, 
	"speed": 0.5,
   "maxSpeed": 10,
   "boostSpeed": 0.75,
	"weapon": {
	        "name": "hail-blaster",
	        "length": 3,
	        "width": 4,
         	"reload": 65,
            "recoil": 2.5,
	        "shots": 1,
            "range": 225,
            "shootCone": 10,
 	        "inaccuracy": 2,
            "targetGround": true, 
            "targetAir": false, 
            "shootSound": "spark", 
            "bullet": "lightning"
  }
}