{
	"name": "revenant ship",
	"description": "Mech what looks like it is made out of revenant scrap.have big container on tail . Shoots missile pellets, mostly to refference it's shell. But what about the inside? No one knows.",
	"health": 3680,
	"mass": 75,
   "drag": 0.1,
   "maxVelocity": 0.1,
	"flying": true,
   "cellTrnsY": 1,
   "engineSize": 3,
   "engineOffset": 12,
   "buildPower": 1.5,
   "mineSpeed": 3.4,
   "drillPower": 2.5,
   "turnCursor": "true", 
	"speed": 0.4,
   "maxSpeed": 1.7,
   "boostSpeed": 1.75,
   "baseRotateSpeed": 0.6,
   "rotateSpeed": 0.1,
   "rotateWeapon": "true", 
	"weapon": 
	{
		"name": "revenant-missiles",
		"length": 3,
		"width": 10,
		"reload": 70,
      "ignoreRotation": "true", 
      "recoil": 2,
      "alternate": "true", 
		"shots": 2,
		"shootCone": 8,
		"inaccuracy": 0,
		"shootSound": "missile",
		"bullet": 
		{
         "type": "MissileBulletType", 
			"speed": 2.5,
         "lifetime": 100,
         "frontColor": "f8bbd0", 
         "backColor": "d81b60", 
         "trailColor": "ad1457", 
			"damage": 45,
         "splashDamage": 48,
         "splashDamageRadius": 30,
         "lightining": 2,
         "lightningLength": 5,
         "homingRange": 75,
         "homingPower": 1,
         "trailEffect": "missileTrail", 
         "shootEffect": "shootBig2", 
         "smokeEffect": "shootBigSmoke2"
		},
		"keepVelocity": "true"
	},
	"buildPower": 1.15,
	"itemCapacity": 200
}
