{
	"type": "DoubleTurret", 
	"name": "Dualvo",
	"description": "Aku Ra ngerti.",
	"targetAir": true,
	"targetGround": true,
	"health": 275,
	"size": 2,
    "heatColor": "ff8a65", 
    "shotWidth": 4,
    "xRand": 3,
    "ammoEjectBack": 3,
    "cooldown": 0.03,
    "recoil": 3,
	"inaccuracy": 1,
	"reload": 5,
	"shootCone": 8,
	"shootShake": 2,
    "hitShake": 1,
    "rotateSpeed": 3,
	"shots": 4,
	"range": 150,
    "maxAmmo": 32,
	"ammo": {
		"silicon": "standardHoming", 
		"copper": "standardCopper", 
        "pyratite": "standardIncendiary", 
        "thorium": "standardThorium", 
        "graphite": "standardDense"
	}, 
	"requirements": [
		{ "item": "graphite", "amount": 105 }, 
		{ "item": "titanium", "amount": 80 }, 
		{ "item": "copper", "amount": 125 }
	], 
	"category": "turret", 
	"shootSound": "shootBig",
	"research": "salvo"
}