{
    "type": "BurstTurret"
    "name": "Hades"
    "description": "very Danger like the name, Hades spread a lot bullet to air and ground unit"
    "targetAir": true, 
    "targetGround": true, 
    "ammoEjectBack": 1,
    "health": "2500", 
    "size": 4,
    "heatColor": "ff8a65", 
    "cooldown": 0.02,
    "spread": 12,
    "shootShake": 2,
    "innaccuracy": 0.1,
    "reload": 25,
    "recoil": 5,
    "burstSpacing": 8,
    "ShootCone": 20,
    "rotatespeed": 4,
    "shots": 3,
    "range": 210,
    "ammo": {
               "thorium": {
                        "type": "BasicBulletType"
                        "speed": 5,
                        "damage": 65,
                        "bulletWidth": 16,
                        "bulletHeight": 22,
                        "shootEffect": "shootBig", 
                        "smokeEffect": "shootBigSmoke", 
                        "ammoMultiplier": 2
                    }, 
                "pyratite": {
                        "type": "BasicBulletType", 
                        "speed": 6,
                        "damage": 38,
                        "status": "melting", 
                        "statusDuration": 57,
                        "bulletWidth": 14,
                        "bulletHeight": 20,
                        "shootEffect": "shootBig", 
                        "smokeEffect": "shootBigSmoke", 
                        "ammoMultiplier": 2
                     }, 
               "graphite": {
                     "type": "BasicBulletType", 
                     "speed": 7,
                     "damage": 42,
                     "homingPower": 0.9,
                     "homingRange": 75,
                     "bulletWidth": 15,
                     "bulletHeight": 21,
                     "shootEffect": "shootBig", 
                     "smokeEffect":         "shootBigSmoke", 
                     "ammoMultiplier": 2
                   },
               }, 
               "requirements": [
                   { "item": "copper", "amount": 175 }, 
                   { "item": "graphite", "amount": 150 },
                   { "item": "thorium", "amount": 125 }, 
                   { "item": "plastanium", "amount": 87 }, 
                   { "item": "surge-alloy", "amount": 125 }
               ],   
               "category": "turret"
               "shootSound": "shootBig"
               "research": "spectre"
}