{
    "type": "MechPad",
    "mech": "hail-beast-mech",
    "name": "hail beast mech pad",
    "description": "Upgrades to misterious creature using routers as it's vessel.",
    "size": 2,
    "consumes":
    {"power": 1.5},
    "requirements": [
        { "item": "titanium", "amount": 65 },
        { "item": "plastanium", "amount": 55 },
        { "item": "silicon", "amount": 125 },
        { "item": "graphite", "amount": 75 },
        { "item": "copper", "amount": 250 }
    ],
    "category": "upgrade",
    "research": "delta-mech-pad"
}