{
	"name": "The Beast Factory",
	"description": "Summon Mech .",
	"type": "UnitFactory",
	"unitType": "jaggernout",
	"Health": 360,
	"size": 3,
	"solid": false, 
	"produceTime": 2100,
	"maxSpawn": 2,
	"consumes": {
		"power": 1.7,
		"items": {
			"items": [
				{"item": "silicon", "amount": 20},
				{"item": "graphite", "amount": 25}
			]
		}
	},
	"category": "units",
	"research": "fortress-factory",
	"requirements": [
		{ "item": "thorium", "amount": 95 },
		{ "item": "titanium", "amount": 100 },
		{ "item": "silicon", "amount": 45 },
		{ "item": "lead", "amount": 120}
	]
}
