{
	"type": "genericSmelter",
	"name": "Multi Melter",
	"description": ".", 
	"itemCapacity": 10,
	"liquidCapacity": 15,
	"outputItem": {"item": "silicon", "amount": 3.0},
	"size": 3,
	"hasPower": true,
	"hasLiquids": true,
	"craftTime": 90,
	"updateEffect": "smeltsmoke",
	"consumes": {
		"power": 0.8,
		"items": {
        "items": [
        {"item": "coal", "amount": 1},
        {"item": "sand", "amount": 3}
      ]
    }, 
    "liquid": {
      "liquid": "water", 
      "amount": 0.05
    }
    	},
	"requirements": [
		{ "item": "lead", "amount": 100 },
		{ "item": "titanium", "amount": 100 },
		{ "item": "copper", "amount": 45 },
		{ "item": "silicon", "amount": 50 }
	],
	"category": "crafting",
	"research": "silicon-smelter",
	"idleSound": "respawning",
	"idleSoundVolume": 0.5
}
