{
	"type": "LaserTurret",
	"name": "omega lancer",
	"description": "This turret same with original lancer,but has need a many power and has a lot of damage",
	"targetAir": true,
	"targetGround": true,
	"health": 3000,
	"size": 4,
   "heatColor": "ff8a65",
	"reload": 20,
	"shootCone": 20,
	"shootType": "meltdownLaser"
	"powerUse": 9.0,
	"range": 240,
	"shootShake": 3,
	"firingMoveFract": 0.5,
	"shootDuration": 100,
	"recoil": 2,
	"shootSound": "laserbig",
	"shootEffect": "shootBigSmoke2",
	"consumes": {
		"liquid": {
         "liquid": "water", 
         "amount": 0.7
      }, 
      "liquid": {
			"liquid": "cryofluid",
			"amount": 0.5
		},
	},
	"activeSound": "beam"
	"requirements": [
		{ "item": "thorium", "amount": 35 },
      { "item": "plastanium", "amount": 25 }, 
		{ "item": "titanium", "amount": 65 },
		{ "item": "graphite", "amount": 75 },
		{ "item": "copper", "amount": 145 }
	],
	"category": "turret"
	"research": "lancer"
}
