{
	"type": "ArtilleryTurret", 
	"name": "Omega Hail MK2", 
	"description": "Shoot with powerfull bullet", 
	"health": 1250, 
	"size": 4, 
    "recoil": 3, 
	"reload": 75, 
	"range": 687, 
	"ammoUseEffect": "shellEjectBig", 
	"ammoEjectBack": 1,
	"inaccuracy": 0, 
	"targetAir": false, 
	"rotatespeed": 3.1, 
	"shootcone": 8,
	"maxAmmo": 25, 
	"ammo": {
		"graphite": {
			"speed": 8, 
			"damage": 0,
			"bulletWidth": 12, 
			"bulletHeight": 18, 
			"shootEffect": "shootBig", 
			"smokeEffect": "shootBigSmoke", 
			"ammoMultiplier": 2, 
			"splashDamageRadius":25, 
			"splashDamage": 33, 
			"lifetime":600, 
            "trailEffect": "artilleryTrail", 
			"shootSpeed":0.9
		}, 
		"silicon": {
			"speed": 7.3, 
			"damage": 0,
			"bulletWidth": 8, 
			"bulletHeight": 20, 
			"shootEffect": "shootBig", 
			"smokeEffect": "shootBigSmoke", 
			"ammoMultiplier": 2, 
			"splashDamageRadius":25, 
			"splashDamage": 33, 
			"shootSpeed":1.5, 
			"homing": 0.1, 
			"homingPower": 1,
            "trailEffect": "artilleryTrail",  
			"lifeTime":600
		}, 
		
		"thorium": {
			"speed": 7.5, 
			"damage": 0,
			"bulletWidth": 9, 
			"bulletHeight": 25, 
			"shootEffect": "shootBig", 
			"smokeEffect": "shootBigSmoke", 
			"ammoMultiplier": 4, 
			"splashDamageRadius":26, 
			"splashDamage": 33, 
            "trailEffect": "artilleryTrail" , 
			"shootSpeed":0.87, 
			"lifeTime":600
		}, 
		
		"pyratite": {
			"speed": 7, 
			"damage": 0,
			"bulletWidth": 7, 
			"bulletHeight": 21, 
			"shootEffect": "shootBig", 
			"smokeEffect": "shootBigSmoke", 
			"ammoMultiplier": 2, 
			"splashDamageRadius":25, 
			"splashDamage": 33, 
			"status": "burning", 
            "trailEffect": "artilleryTrail", 
			"lifeTime":600 
		}
	}, 
	"requirements": [
	{ "item": "titanium", "amount": 125 },
	{ "item": "plastanium", "amount": 75 },
	{ "item": "silicon", "amount": 100 },
	{ "item": "graphite", "amount": 125 },
	{ "item": "surge-alloy", "amount": 25 }
	], 
	"category": "turret", 
	"shootSound": "artillery", 
	"hitSound": "explosion", 
	"research": "hail"
}