{
	"type": "ArtilleryTurret",
	"name": "Omega Hail",
	"description": "Advance Hail.",
	"targetAir": false,
	"targetGround": true,
	"health": 1250,
	"size": 2,
	"inaccuracy": 12,
	"reload": 24,
	"shots": 3,
	"recoil": 3,
	"ammoUseEffect": "shellEjectSmall",
	"shootCone": 8,
	"rotateSpeed": 3,
	"range": 225,
	"maxAmmo": 32,
	"ammo": {
	    "graphite": {
		    "type": "ArtilleryBulletType", 
			"speed": 3.7, 
			"damage": 0,
			"bulletWidth": 16, 
			"bulletHeight": 21, 
			"shootEffect": "shootBig", 
			"smokeEffect": "shootBigSmoke", 
			"ammoMultiplier": 2, 
			"splashDamageRadius": 25, 
			"splashDamage": 33, 
			"knockback": 0.8,
            "trailEffect": "artilleryTrail" 
		}, 
		"silicon": {
		    "type": "ArtilleryBulletType", 
			"speed": 3.7, 
			"damage": 0,
			"bulletWidth": 16, 
			"bulletHeight": 21, 
			"shootEffect": "shootBig", 
			"smokeEffect": "shootBigSmoke", 
			"ammoMultiplier": 2, 
			"splashDamageRadius": 25, 
			"splashDamage": 33, 
			"homing": 0.1, 
			"knockback": 0.8,
			"homingPower": 1,
            "trailEffect": "artilleryTrail"
		}, 
		"blast-compound": {
			"speed": 3.7, 
			"damage": 0,
			"bulletWidth": 16, 
			"bulletHeight": 21, 
			"shootEffect": "shootBig", 
			"smokeEffect": "shootBigSmoke", 
			"ammoMultiplier": 4, 
			"splashDamageRadius": 45, 
			"splashDamage": 50, 
			"knockback": 0.8,
            "trailEffect": "artilleryTrail" 
		}, 
		"pyratite": {
		    "type": "ArtilleryBulletType", 
			"speed": 3.7,
			"damage": 0,
			"splashDamageRadius": 25,
			"splashDamage": 33,
			"bulletWidth": 16,
			"bulletHeight": 21,
			"shootEffect": "shootBig",
			"smokeEffect": "shootBigSmoke",
			"status": "burning",
			"trailEffect": "artilleryTrail",
			"knockback": 0.8,
			"ammoMultiplier": 2
		}, 
		"plastanium": "artilleryPlastic"
	},
	"requirements": [
		{ "item": "copper", "amount": 100 },
		{ "item": "graphite", "amount": 35 },
		{ "item": "silicon", "amount": 27 },
		{ "item": "lead", "amount": 125 }
	],
	"category": "turret",
	"research": "hail",
	"hitSound": "explosion", 
	"shootSound": "artillery"
}