{
    "type": "MechPad",
    "mech": "revenant-ship",
    "name": "revenant ship pad",
    "description": "Upgrades to misterious creature using revenant scrap as it's vessel. vessel of surge alloy make this ship very hard to destroy. missile from thorium make this pellets have pink color and so have a Lot damage.",
    "size": 4,
    "consumes":
    {"power": 1.7},
    "requirements": [
        { "item": "titanium", "amount": 125 },
        { "item": "plastanium", "amount": 100 },
        { "item": "silicon", "amount": 57 },
        { "item": "surge-alloy", "amount": 75 },
        { "item": "graphite", "amount": 155 },
        { "item": "thorium", "amount": 95 }
    ],
    "category": "upgrade",
    "research": "glaive-ship-pad"
}