{
	"name": "Juggernout",
	"type": "GroundUnit",
	"description": "Stealth bomber unit. Can only be countered by player, Inquisitor drone or collateral damage.",
	"health": 850,
	"flying": false,
	"hitSize": 10,
	"speed": 0.08,
	"mass": 7,
	"rotatespeed": 0.2,
	"baseRotateSpeed": 0.1,
	"rotateWeapon": false, 
	"maxVelocity": 1.0,
	"targetAir": false,
	"targetGround": true, 
	"shootCone": 5,
	"range": 100,
	"drag": 0.4,
	"targetable": false, 
	"weaponOffsetX": 12,
	"weapon": 
	{
	    "name": "laser-canon", 
		"shots": 3,
	    "burstSpacing": 8,
	    "ammoEjectBack": 3,
		"shotDelay": 3,
		"spread": 5,
		"ignoreRotation": true, 
		"alternate": true, 
		"reload": 15, 
		"recoil": 2,
		"lenght": 3,
		"width": 10,
		"shootSound": "pew",
		"bullet": {
		    "bulletType": "basicBulletType", 
		    "speed": 3,
		    "damage": 15,
		    "bulletWidth": 3,
		    "bulletLength": 2.5,
		    "fragBullets": 3,
		    "fragBullet": {
		        "type": "basicBulletType", 
		        "damage": 2.5,
		        "speed": 2,
		        "fragBullets": 3
		    }
		    
		}
	}
}